﻿album_id,book ,author,min_estimated_sales,original_language,number_of_books,nationality
156,Making India Awesome,Chetan Bhagat    ,2 billion,English,42,British
208,One Indian Girl,Chetan Bhagat,2 billion,English,85,British
257,Half Girlfriend,Chetan Bhagat,500 million,English,723,British
296,Revolution 2020,Chetan Bhagat,500 million,English,179,American
94,Naked Triangle,Balwant Gargi,750 million,English,23,American
95,A Million Mutinies Now ,V.S. Naipaul,500 million,French,570,Belgian
96,A Bend in the River ,V.S. Naipaul,Null,English,800,British
285,A Brush with Life ,Satish Gujral,600 million,English,22,British
139,A Passage to England ,Nirad C. Chaudhuri,370 million,English,21,American
224,A House for Mr. Biswas ,V.S. Naipaul,516.6 million,Japanese,106,Japanese
167,A Prisoner’s Scrapbook ,L.K. Advani,125 million,English,209,American
26,A River Sutra ,Gita Mehta,100 Million,English,19,American
160,A Call to Honour ,Jaswant Singh,100 million,English,44,American
232,A Sense of Time ,H.S. Vatsyayan,298 million,Japanese,66,Japanese
307,A Strange and Sublime Address,Amit Chaudhuri,Null,Russian,48,Russian
272,A Bunch of Old Letter ,Jawaharlal Nehru,400 million,Spanish,"4,000",Spanish
24,A Suitable Boy ,Vikram Seth,325 million,English,91,American
74,A Village by the Sea ,Anita Desai,400 million,English,32,British
14,Agnibeena,Kazi Nazrul Islam,200 million,English,135,American
15,Afternoon Raag ,Amit Chaudhuri,145 million,English,200,American
233,Ain-i-Akbari ,Abul Fazl,100 million,English,430,American
273,"Ageless Body, Timeless Mind ",Deepak Chopra,Null,Russian,17,Russian
89,Akbarnama,Abul Fazl,300 million,English,77,American
75,Amar Kosh ,Amar Singh,225 million,Portuguese,28,Brazilian
248,An Equal Music ,Vikram Seth,300 million,Japanese,500,Japanese
90,All the Prime Minister’s Men ,Janardan Thakur,250 million,English,33,British
254,Arthashastra ,Kautilya,230 million,English,101,American
120,An Idealist View of Life ,Dr. S. Radhakrishnan,Null,French,108,French
319,Devi Chaudhurani,Bankim Chandra Chatterjee,100 million,English,140,American
168,Anandmath ,Bankim Chandra Chatterjee,Null,English,175,British
169,An Autobiography,Jawaharlal Nehru,300 million,English,93,American
85,Autobiography of an Unknown India ,Nirad C. Chaudhuri,100 million,Chinese,15,Chinese
203,Bandicoot Run ,Manohar Malgonkar,110 million,English,40,American
10,Beginning of the Beginning ,Bhagwan Shri Rajneesh,Null,Japanese,62,Japanese
29,"Beyond Modernization, Beyond Self ",Sisir Kumar Ghosh,Null,English,400,American
277,Bhagavad Gita ,S. Radhakrishnan,200 million,French,300,French
327,Border and Boundaries; women in India’s Partition ,Ritu Menon & Kamla Bhasin,200 million,English,300,American
300,Bharat Bharati ,Maithili Saran Gupt,200 million,English,50,British
278,Bride and the Sahib and the Other Stories ,Khushwant Singh,100 million,English,35,American
297,Broken Wings ,Sarojini Naidu,Null,English,Null,American
276,Bubble ,Mulk Raj Anand,Null,English,Null,American
321,"The Bread, Beauty and Revolution ",Khwaja Ahmad Abbas,200 million,English,36,British
12,By God’s Decree,Kapil Dev,250 million,Japanese,72,Japanese
2,Chemmeen ,Thakazhi Sivasankara Pillai,250 million,Japanese,100,Japanese
170,Chitra ,Rabindranath Tagore,100 million,German,80,German
325,Circle of Reason ,Amitav Ghosh,100 million,English,Null,American
145,Circle of Silence ,Preeti Singh,100 million,English,38,British
253,Clear Light of Day ,Anita Desai,Null,Japanese,400,Japanese
227,Confessions of a Lover ,Mulk Raj Anand,Null,Japanese,Null,Japanese
226,Conquest of Self ,Mahatma Gandhi,Null,Japanese,Null,Japanese
30,Coolie ,Mulk Raj Anand,200 million,English,7[94],American
127,Court Dancer ,Rabindranath Tagore,150 million,English,32,British
304,Crescent Moon ,Rabindranath Tagore,172 million,English,335,American
284,Days of My Years ,H.P. Nanda,Null,Japanese,350,Japanese
324,Death of a City ,Amrita Pritam,150 million,English,11,British/Canadian
312,Devdas ,Sarat Chandra Chatterjee,100 million,Swedish,100,Swedish
212,Discovery of India ,Jawaharlal Nehru,150 million,Japanese,23,Japanese
5,Divine Life ,Swami Sivananda,150 million,English,40,American
313,Durgesh Nandini ,Bankim Chandra Chatterjee,Null,French,170,French
148,Dynamics of Social Change ,Chandra Shekhar,100 million,English,23,British
16,Eight Lives,Rajmohan Gandhi,150 million,English,25,American
17,Essays on Gita,Sri Aurobindo Ghosh,100 million,English,300,American
171,Eternal Himalayas,Major H.P.S. Ahluwalia,40 million,English,37,American
193,Faces of Everest ,Major H.P.S. Ahluwalia,90 million,English,30,British
93,Foreign Policy of India,I.K. Gujral,60 million,English,Null,American
18,Forty-Nine Days ,Amrita Pritam,Null,Japanese,Null,Japanese
31,From Rajpath to Lokpath ,Vijaya Raje Schindhia,100 million,English,7,British
97,Ganadevata,Tara Sankar Bandyopadhyay,100 million,English,Null,Australian
234,Ghasiram Kotwal,Vijay Tendulkar,Null,Japanese,74,Japanese
194,Gitanjali ,Rabindranath Tagore,Null,Japanese,7,Japanese
56,Gita Rahasya, Bal Gangadhar Tilak,120 million,Japanese,34,Japanese
57,Glimpses of World History ,Jawaharlal Nehru,100 million,English,103,British
124,Godan ,Prem Chand,100 million,English,6,American
260,Geet Govinda ,Jayadeva,100 million,English,80,American
195,Golden Threshold ,Sarojini Naidu,Null,English,25,American
295,Guide ,R.K. Narayan,90 million,English,22,American
32,Harsha Charita ,Bana Bhatta,120 million,Japanese,131,Japanese
323,Harvest ,Manjula Padmanabhan,100 million,English,94,American
270,Heir Apparent ,Dr. Karan Singh,100 million,English,60,American
191,Himalayan Blunder ,Brigadier J.P. Dalvi,100 million,English,Null,British
328,Hind Swaraj ,M.K. Gandhi,100 million,English,27,American
19,Hindu View of Life ,Dr. S. Radhakrishnan,80 million,English,32,South African/British
33,Hinduism ,Nirad C. Chaudhuri,80 million,English,25,American
34,History of India ,Romila Thapar,80 million ,English,12,American
301,Hullabaloo in a Guava Orchard ,Kiran Desai,100 million,English,200,British
54,Hungary Stones ,Rabindranath Tagore,Null,English,5,British
55,I follow the Mahatma ,K.M. Munshi,Null,English,200,British
27,Idols ,Sunil Gavaskar,Null,Chinese,Null,Chinese
128,India Divided ,Rajendra Prasad,100 million,English,14,British
58,India Unbound ,Gurucharan Das,100 million,German,45,German-Swiss
165,India of Our Dreams ,M.V. Kamath,100 million,English,50,American
246,India wins Freedom,Maulana Abdul Kalam Azad,100 million,French,14,French
206,India’s Priceless Heritage ,N.A. Palkhivala,Null,English,62,American
25,Indian Philosophy ,Dr. S. Radhakrishnan,100 million,English,Null,American
98,Inscrutable Americans ,Anurag Mathur,Null,English,600,British
183,Ignited Minds ,A.P.J. Abdul Kalam,Null,English,47,American
59,Interpreter of Maladies, Jhumpa Lahiri,Null,Japanese,130,Japanese
78,It’s Always Possible ,Kiran Bedi,Null,Japanese,350,Japanese
161,Jai Somnath ,K.M. Munshi,100 million,English,Null,American
172,Junglee Girl ,Ginu Kamani,90 million,English,200,British
242,Kagaz Te Canwas ,Amrita Pritam,Null,English,34,American
69,Kamasutra,S.H. Vatsayayan,122 million,English,50,British
