employee_id,first_name,last_name,title,reports_to,levels,address,city,state,country,postal_code,phone,email
1,John,Doe,General Manager,9,L6,11120 Jasper Ave NW,Edmonton,AB,Canada,T5K 2N1,+1 (780) 428-9482,andrew@chinookcorp.com
2,Jane,Smith,Sales Manager,1,L4,825 8 Ave SW,Calgary,AB,Canada,T2P 2T3,+1 (403) 262-3443,nancy@chinookcorp.com
3,Bob,Johnson,Sales Support Agent,2,L1,1111 6 Ave SW,Calgary,AB,Canada,T2P 5M5,+1 (403) 262-3443,jane@chinookcorp.com
4,Alice,Brown,Sales Support Agent,2,L1,683 10 Street SW,Calgary,AB,Canada,T2P 5G3,+1 (403) 263-4423,margaret@chinookcorp.com
5,Charlie,Black,Sales Support Agent,2,L1,7727B 41 Ave,Calgary,AB,Canada,T3B 1Y7,1 (780) 836-9987,steve@chinookcorp.com
6,Adams,Mitchell,IT Manager,1,L3,5827 Bowness Road NW,Calgary,AB,Canada,T3B 0C5,+1 (403) 246-9887,michael@chinookcorp.com
7,Robert,King,IT Staff,6,L2,590 Columbia Boulevard West,Lethbridge,AB,Canada,T1K 5N8,+1 (403) 456-9986,robert@chinookcorp.com
8,Edwards,Park,IT Staff,6,L2,923 7 ST NW,Lethbridge,AB,Canada,T1H 1Y8,+1 (403) 467-3351,laura@chinookcorp.com
9,Mohan,Madan,Senior General Manager,,L7,1008 Vrinda Ave MT,Edmonton,AB,Canada,T5K 2N1,+1 (780) 428-9482,madan.mohan@chinookcorp.com
