﻿album_id,book ,author,original_language,Sale_Quantity,nationality,Book_Price_In_IndianRupees
156,Making India Awesome,Chetan Bhagat    ,English,42,British,100
208,One Indian Girl,Chetan Bhagat,English,85,British,1000
257,Half Girlfriend,Chetan Bhagat,English,723,British,600
296,Revolution 2020,Chetan Bhagat,English,179,American,1200
94,Naked Triangle,Balwant Gargi,English,23,American,1800
95,A Million Mutinies Now ,V.S. Naipaul,French,570,Belgian,2400
96,A Bend in the River ,V.S. Naipaul,English,800,British,3000
285,A Brush with Life ,Satish Gujral,English,22,British,3600
139,A Passage to England ,Nirad C. Chaudhuri,English,21,American,4200
224,A House for Mr. Biswas ,V.S. Naipaul,Japanese,106,Japanese,4800
167,A Prisoner’s Scrapbook ,L.K. Advani,English,209,American,5400
26,A River Sutra ,Gita Mehta,English,19,American,6000
160,A Call to Honour ,Jaswant Singh,English,44,American,200
232,A Sense of Time ,H.S. Vatsyayan,Japanese,66,Japanese,400
307,A Strange and Sublime Address,Amit Chaudhuri,Russian,48,Russian,600
272,A Bunch of Old Letter ,Jawaharlal Nehru,Spanish,400,Spanish,800
24,A Suitable Boy ,Vikram Seth,English,91,American,1000
74,A Village by the Sea ,Anita Desai,English,32,British,50
14,Agnibeena,Kazi Nazrul Islam,English,135,American,50
15,Afternoon Raag ,Amit Chaudhuri,English,200,American,50
233,Ain-i-Akbari ,Abul Fazl,English,430,American,50
273,"Ageless Body, Timeless Mind ",Deepak Chopra,Russian,17,Russian,50
89,Akbarnama,Abul Fazl,English,77,American,50
75,Amar Kosh ,Amar Singh,Portuguese,28,Brazilian,50
248,An Equal Music ,Vikram Seth,Japanese,500,Japanese,50
90,All the Prime Minister’s Men ,Janardan Thakur,English,33,British,50
254,Arthashastra ,Kautilya,English,101,American,50
120,An Idealist View of Life ,Dr. S. Radhakrishnan,French,108,French,50
319,Devi Chaudhurani,Bankim Chandra Chatterjee,English,140,American,50
168,Anandmath ,Bankim Chandra Chatterjee,English,175,British,50
169,An Autobiography,Jawaharlal Nehru,English,93,American,50
85,Autobiography of an Unknown India ,Nirad C. Chaudhuri,Chinese,15,Chinese,50
203,Bandicoot Run ,Manohar Malgonkar,English,40,American,52
10,Beginning of the Beginning ,Bhagwan Shri Rajneesh,Japanese,62,Japanese,54
29,"Beyond Modernization, Beyond Self ",Sisir Kumar Ghosh,English,400,American,56
277,Bhagavad Gita ,S. Radhakrishnan,French,300,French,58
327,Border and Boundaries; women in India’s Partition ,Ritu Menon & Kamla Bhasin,English,300,American,60
300,Bharat Bharati ,Maithili Saran Gupt,English,50,British,62
278,Bride and the Sahib and the Other Stories ,Khushwant Singh,English,35,American,64
297,Broken Wings ,Sarojini Naidu,English,20,American,66
276,Bubble ,Mulk Raj Anand,English,56,American,68
321,"The Bread, Beauty and Revolution ",Khwaja Ahmad Abbas,English,36,British,70
12,By God’s Decree,Kapil Dev,Japanese,72,Japanese,72
2,Chemmeen ,Thakazhi Sivasankara Pillai,Japanese,100,Japanese,74
170,Chitra ,Rabindranath Tagore,German,80,German,76
325,Circle of Reason ,Amitav Ghosh,English,45,American,78
145,Circle of Silence ,Preeti Singh,English,38,British,80
253,Clear Light of Day ,Anita Desai,Japanese,400,Japanese,82
227,Confessions of a Lover ,Mulk Raj Anand,Japanese,87,Japanese,84
226,Conquest of Self ,Mahatma Gandhi,Japanese,63,Japanese,86
30,Coolie ,Mulk Raj Anand,English,94,American,88
127,Court Dancer ,Rabindranath Tagore,English,32,British,100
304,Crescent Moon ,Rabindranath Tagore,English,335,American,105
284,Days of My Years ,H.P. Nanda,Japanese,350,Japanese,110
324,Death of a City ,Amrita Pritam,English,11,British/Canadian,115
312,Devdas ,Sarat Chandra Chatterjee,Swedish,100,Swedish,120
212,Discovery of India ,Jawaharlal Nehru,Japanese,23,Japanese,125
5,Divine Life ,Swami Sivananda,English,40,American,130
313,Durgesh Nandini ,Bankim Chandra Chatterjee,French,170,French,135
148,Dynamics of Social Change ,Chandra Shekhar,English,23,British,140
16,Eight Lives,Rajmohan Gandhi,English,25,American,145
17,Essays on Gita,Sri Aurobindo Ghosh,English,300,American,150
171,Eternal Himalayas,Major H.P.S. Ahluwalia,English,37,American,155
193,Faces of Everest ,Major H.P.S. Ahluwalia,English,30,British,160
93,Foreign Policy of India,I.K. Gujral,English,40,American,165
18,Forty-Nine Days ,Amrita Pritam,Japanese,25,Japanese,170
31,From Rajpath to Lokpath ,Vijaya Raje Schindhia,English,7,British,175
97,Ganadevata,Tara Sankar Bandyopadhyay,English,12,Australian,180
234,Ghasiram Kotwal,Vijay Tendulkar,Japanese,74,Japanese,185
194,Gitanjali ,Rabindranath Tagore,Japanese,7,Japanese,190
56,Gita Rahasya, Bal Gangadhar Tilak,Japanese,34,Japanese,195
57,Glimpses of World History ,Jawaharlal Nehru,English,103,British,200
124,Godan ,Prem Chand,English,6,American,205
260,Geet Govinda ,Jayadeva,English,80,American,210
195,Golden Threshold ,Sarojini Naidu,English,25,American,215
295,Guide ,R.K. Narayan,English,22,American,220
32,Harsha Charita ,Bana Bhatta,Japanese,131,Japanese,225
323,Harvest ,Manjula Padmanabhan,English,94,American,230
270,Heir Apparent ,Dr. Karan Singh,English,60,American,235
191,Himalayan Blunder ,Brigadier J.P. Dalvi,English,23,British,240
328,Hind Swaraj ,M.K. Gandhi,English,27,American,245
19,Hindu View of Life ,Dr. S. Radhakrishnan,English,32,South African/British,250
33,Hinduism ,Nirad C. Chaudhuri,English,25,American,255
34,History of India ,Romila Thapar,English,12,American,260
301,Hullabaloo in a Guava Orchard ,Kiran Desai,English,200,British,265
54,Hungary Stones ,Rabindranath Tagore,English,5,British,270
55,I follow the Mahatma ,K.M. Munshi,English,200,British,275
27,Idols ,Sunil Gavaskar,Chinese,10,Chinese,280
128,India Divided ,Rajendra Prasad,English,14,British,285
58,India Unbound ,Gurucharan Das,German,45,German-Swiss,290
165,India of Our Dreams ,M.V. Kamath,English,50,American,300
246,India wins Freedom,Maulana Abdul Kalam Azad,French,14,French,600
206,India’s Priceless Heritage ,N.A. Palkhivala,English,62,American,900
25,Indian Philosophy ,Dr. S. Radhakrishnan,English,54,American,1200
98,Inscrutable Americans ,Anurag Mathur,English,600,British,1500
183,Ignited Minds ,A.P.J. Abdul Kalam,English,47,American,1800
59,Interpreter of Maladies, Jhumpa Lahiri,Japanese,130,Japanese,50
78,It’s Always Possible ,Kiran Bedi,Japanese,350,Japanese,100
161,Jai Somnath ,K.M. Munshi,English,58,American,150
172,Junglee Girl ,Ginu Kamani,English,200,British,200
242,Kagaz Te Canwas ,Amrita Pritam,English,34,American,250
69,Kamasutra,S.H. Vatsayayan,English,50,British,300
