﻿Id,Editor's Name,Books,Total Revisions,Registration Date
1,indy133,One Indian Girl,111496,2020-07-18
2,pbryan,Half Girlfriend,17225,2015-07-08
3,Gustav Landauer Library Witten,Revolution 2020,13470,2019-01-04
4,Goldilox,Naked Triangle,9748,2020-09-30
5,ulugabi,A Million Mutinies Now ,3686,2021-06-20
6,KatGrrrl,A Bend in the River ,3592,2023-11-29
7,Erinyes,A Brush with Life ,3366,2022-03-25
8,spUdux,A Passage to England ,3046,2020-07-27
9,blackteadarkmatter,A House for Mr. Biswas ,2232,2022-10-04
10,AgathaCrustie,A Prisoner’s Scrapbook ,1746,2020-07-29
